id;label;group;country
40417;Joo Dong Park;2;KR
40418;Su Yeon Chung;2;KR
40419;Chang Youg Lee;2;KR
40420;Jeong Seok An;2;KR
40421;Soon Hee Kwon;2;KR
40422;Sung Woo Shine;2;KR
40423;Sung Hee Kim;2;KR
40424;So Young Yoon;2;KR
40425;David M. Rogers;2;CA
40426;John Aikens;2;CA
41547;Joo Dong Park;2;JP
41548;Su Yeon Chung;2;JP
41549;Chang Youg Lee;2;JP
41550;Jeong Seok An;2;JP
41551;Soon Hee Kwon;2;JP
41552;Sung Woo Shine;2;JP
41553;Sung Hee Kim;2;JP
41554;So Young Yoon;2;JP
41555;Marie-Ange Boyer;2;NL
41556;Floor Wesseling;2;NL
41557;Holly Marie Stinson;2;US
41558;Colleen Louise Sandieson;2;US
41559;Vanessa L. Borovicka;2;US
41560;Travis Payne;2;US
41561;Jeff Ingram;2;US
41562;Stephanie Bartelt;2;US
41563;Anthony Stewart;2;US
41564;Cory Parker Scholler;2;US
41565;Jeffrey G. Scholler;2;US
41566;Dominick Daniel Guglielmo;2;US
41567;Jeffrey Todd Kraai;2;US
41568;Mark C. Miner;2;US
41569;Woo Seung Seo;2;KR
41570;Angie Spring;2;US
41571;David Dombrow;2;US
41572;Jeongwoo Lee;2;US
41573;James David Busch;2;US
41574;Gabriel Bestard-Ribas;2;US
41575;Steven Thomas Bakondi;2;US
41576;Lloyd Seliber;2;US
41577;Thomas Grimm;2;US
41578;Paul W. Barlet;2;US
41579;Seth Anderson;2;US
41580;Jeff Watts;2;US
41581;Greg C. Barragan;2;US
41582;Chung-Ping Huang;2;TW
41583;Julia Anne Matheson;2;US
41584;Oldrich Marek;2;CZ
41585;Rany Joo;2;US
41586;Ellen Diamant;2;US
41587;Seth McKindra Enes;2;US
41588;Brian A. Roberts;2;US
41589;Gordon Levy;2;US
41590;Hoi Kwan Wong;2;US
41591;Zhen Jian Kun;2;CN
41592;John Yoo;2;US
41593;Michael J. Sanchez;2;US
41594;Xiaomeng Jiang;2;CN
41595;Wen-Tsan Wang;2;TW
41596;Yaron Brunner;2;IL
41597;Irving Feder;2;US
41598;Osvaldo Uresti;2;FR
41599;Anne Rutigliano;2;FR
41600;Mario M. Gonzalez;2;US
41601;Noah Wangerin;2;US
41602;Jeffrey Mink;2;US
41603;Jeanette McCuaig;2;US
41604;Han Xu;2;US
41605;Antonius Lambertus Debeer;2;US
41606;Olaf Erik Alexander Isele;2;US
41607;Dirk Saevecke;2;DE
41608;Jiri Kummer;2;CZ
41609;Joran Van Lange;2;CA
41610;Keith Chlapaty;2;US
41611;Kristin Ruth Amdal;2;NO
41612;Aleksander Borgenhov;2;NO
41613;Sondre Frost Urstad;2;NO
41614;Jann Frost Urstad;2;NO
41615;Sindre Widerberg;2;NO
41616;Siri Yran;2;NO
41617;Julie Arrive;2;NO
41618;William M. Vanderminden;2;US
41619;Matthew Davis;2;US
41620;Brad Bonham;2;US
40385;1714234;1;US
40386;D0714516;1;US
40387;D214659;1;US
40388;D458434;1;US
40389;D492087;1;US
40390;D501697;1;US
40391;D530482;1;US
40392;7879377;1;US
40393;D636970;1;US
40394;D636971;1;US
40395;D640036;1;US
40396;D648917;1;US
40397;D688344;1;US
40398;D688437;1;US
40399;D29311;1;US
40400;D0714517;1;US
40401;2874048;1;US
40402;D198619;1;US
40403;3215094;1;US
40404;3332781;1;US
40405;3441001;1;US
40406;D272009;1;US
40407;4508739;1;US
40408;4650684;1;US
40409;D453977;1;US
40410;D490589;1;US
40411;D496142;1;US
40412;D563468;1;US
40413;D595926;1;US
40414;D676216;1;US
40415;D678966;1;US
40416;D695062;1;US
40427;1855145;1;US
40428;D0714518;1;US
40429;D271536;1;US
40430;D387537;1;US
40431;D388936;1;US
40432;D430345;1;US
40433;D506591;1;US
40434;D527862;1;US
40435;D540507;1;US
40436;D617079;1;US
40437;D626832;1;US
40438;2664812;1;US
40439;D0714519;1;US
40440;3953613;1;US
40441;D317672;1;US
40442;D339899;1;US
40443;D488282;1;US
40444;D524011;1;US
40445;D537608;1;US
40446;D581627;1;US
40447;D623538;1;US
40448;D634099;1;US
40449;D643178;1;US
40450;D655886;1;US
40451;20070169232;1;US
40452;D0714520;1;US
40453;D259670;1;US
40454;D0714521;1;US
40455;D277234;1;US
40456;D278199;1;US
40457;D316622;1;US
40458;D324603;1;US
40459;5993871;1;US
40460;D558951;1;US
40461;D577176;1;US
40462;D590126;1;US
40463;D634098;1;US
40464;D668507;1;US
40465;D679476;1;US
40466;2575700;1;US
40467;D0714522;1;US
40468;5042091;1;US
40469;D333030;1;US
40470;5359734;1;US
40471;5960476;1;US
40472;D664739;1;US
40473;D669251;1;US
40474;20060070166;1;US
40475;20100058511;1;US
40476;20120023636;1;US
40477;WO 2006107497;1;US
40478;1330996;1;US
40479;D0714523;1;US
40480;1966060;1;US
40481;D98872;1;US
40482;2299681;1;US
40483;2424720;1;US
40484;2494261;1;US
40485;2558099;1;US
40486;2983924;1;US
40487;3134108;1;US
40488;3945051;1;US
40489;4223408;1;US
40490;D266540;1;US
40491;4602388;1;US
40492;D302623;1;US
40493;D311632;1;US
40494;5182815;1;US
40495;5704071;1;US
40496;D403487;1;US
40497;D597281;1;US
40498;D609881;1;US
40499;D615279;1;US
40500;D701676;1;US
40501;D705518;1;US
40502;20060107443;1;US
40503;1569960;1;US
40504;D0714524;1;US
40505;D131319;1;US
40506;D204225;1;US
40507;4078264;1;US
40508;D312526;1;US
40509;D336356;1;US
40510;D430721;1;US
40511;D454677;1;US
40512;D505768;1;US
40513;D553329;1;US
40514;D553330;1;US
40515;D600884;1;US
40516;7765611;1;US
40517;D637793;1;US
40518;D665152;1;US
40519;D679484;1;US
40520;D684341;1;US
40521;D685160;1;US
40522;D705522;1;US
40523;20070157359;1;US
40524;20100064412;1;US
40525;20130269082;1;US
40526;229404;1;US
40527;875617;1;US
40528;2241423;1;US
40529;4646366;1;US
40530;D0714525;1;US
40531;D527868;1;US
40532;D622937;1;US
40533;D662282;1;US
40534;D679072;1;US
40535;D685158;1;US
40536;20040143884;1;US
40537;20050015843;1;US
40538;20090249529;1;US
40539;102011083846;1;US
40540;1657866;1;US
40541;D0714526;1;US
40542;D113204;1;US
40543;D139535;1;US
40544;D194967;1;US
40545;3116489;1;US
40546;3398406;1;US
40547;3988780;1;US
40548;4149272;1;US
40549;4619622;1;US
40550;D298474;1;US
40551;D478708;1;US
40552;6654963;1;US
40553;D625078;1;US
40554;D626725;1;US
40555;D631230;1;US
40556;D633691;1;US
40557;D637794;1;US
40558;D638200;1;US
40559;D638201;1;US
40560;D638202;1;US
40561;D654659;1;US
40562;D675400;1;US
40563;D685159;1;US
40564;D693095;1;US
40565;D695491;1;US
40566;D707423;1;US
40567;D707424;1;US
40568;20130276201;1;US
40569;3147490;1;US
40570;D0714527;1;US
40571;3698014;1;US
40572;D266880;1;US
40573;D287060;1;US
40574;D323733;1;US
40575;D338773;1;US
40576;D385088;1;US
40577;D414913;1;US
40578;D479902;1;US
40579;D526467;1;US
40580;D529687;1;US
40581;D534335;1;US
40582;D588783;1;US
40583;D620231;1;US
40584;D621132;1;US
40585;D636973;1;US
40586;D641137;1;US
40587;D662284;1;US
40588;D698526;1;US
40589;D704419;1;US
40590;20020095712;1;US
40591;20120096622;1;US
40592;20130042384;1;US
40593;202011051169;1;US
40594;2255685;1;US
40595;317677;1;US
40596;D0714528;1;US
40597;834900;1;US
40598;D93212;1;US
40599;D115482;1;US
40600;D136525;1;US
40601;D347723;1;US
40602;D352596;1;US
40603;D390340;1;US
40604;D524517;1;US
40605;D525414;1;US
40606;D529262;1;US
40607;D702421;1;US
40608;20050108810;1;US
40609;D333375;1;US
40610;D0714529;1;US
40611;D543014;1;US
40612;D635743;1;US
40613;8009847;1;US
40614;20040187191;1;US
40615;20040204207;1;US
40616;20090210995;1;US
40617;20110219522;1;US
40618;20120264492;1;US
40619;3175292;1;US
40620;D0714530;1;US
40621;3241153;1;US
40622;5307569;1;US
40623;5313719;1;US
40624;D456121;1;US
40625;D522217;1;US
40626;D609436;1;US
40627;D630827;1;US
40628;777937;1;US
40629;D0714531;1;US
40630;D313340;1;US
40631;D318412;1;US
40632;D337255;1;US
40633;D362176;1;US
40634;D422307;1;US
40635;D442064;1;US
40636;D623045;1;US
40637;20110107619;1;US
40638;WO 2011066462;1;US
40639;D52729;1;US
40640;D0714532;1;US
40641;D80039;1;US
40642;D120316;1;US
40643;D120317;1;US
40644;D327360;1;US
40645;D331998;1;US
40646;D353480;1;US
40647;D368796;1;US
40648;D428688;1;US
40649;D439032;1;US
40650;D472043;1;US
40651;D474586;1;US
40652;D476469;1;US
40653;D499541;1;US
40654;D520223;1;US
40655;D524015;1;US
40656;D524018;1;US
40657;D546033;1;US
40658;D570077;1;US
40659;D576393;1;US
40660;D578744;1;US
40661;D581641;1;US
40662;D597733;1;US
40663;D607188;1;US
40664;D614837;1;US
40665;D625492;1;US
40666;D626315;1;US
40667;D627545;1;US
40668;D628369;1;US
40669;D636567;1;US
40670;7930841;1;US
40671;D640865;1;US
40672;D641964;1;US
40673;D642362;1;US
40674;D642775;1;US
40675;D643603;1;US
40676;D645656;1;US
40677;D672543;1;US
40678;8330029;1;US
40679;D674173;1;US
40680;D679486;1;US
40681;D682523;1;US
40682;8555526;1;US
40683;20090083998;1;US
40684;D395739;1;US
40685;D0714533;1;US
40686;D397847;1;US
40687;D402447;1;US
40688;D402450;1;US
40689;6108943;1;US
40690;D570078;1;US
40691;D644420;1;US
40692;D649753;1;US
40693;D649754;1;US
40694;D652201;1;US
40695;D659959;1;US
40696;D659964;1;US
40697;D659965;1;US
40698;8181365;1;US
40699;D661878;1;US
40700;D662697;1;US
40701;D662699;1;US
40702;D669255;1;US
40703;8490296;1;US
40704;8635785;1;US
40705;20110016746;1;US
40706;20110016749;1;US
40707;20110232130;1;US
40708;20120167416;1;US
40709;296519;1;US
40710;D0714534;1;US
40711;D247334;1;US
40712;D249298;1;US
40713;4546556;1;US
40714;D397544;1;US
40715;D408972;1;US
40716;D478412;1;US
40717;D610784;1;US
40718;D613932;1;US
40719;D622490;1;US
40720;D628776;1;US
40721;D639032;1;US
40722;D659358;1;US
40723;8186079;1;US
40724;D666391;1;US
40725;D690917;1;US
40726;20090200763;1;US
40727;20120186107;1;US
40728;20130118037;1;US
40729;20140026438;1;US
40730;D302898;1;US
40731;D0714535;1;US
40732;D448148;1;US
40733;D553843;1;US
40734;D565283;1;US
40735;D572889;1;US
40736;D574587;1;US
40737;D693106;1;US
40738;2421818;1;US
40739;D0714536;1;US
40740;D305178;1;US
40741;D335019;1;US
40742;D375618;1;US
40743;D377410;1;US
40744;D384497;1;US
40745;D426372;1;US
40746;D430969;1;US
40747;D431713;1;US
40748;D433212;1;US
40749;D439734;1;US
40750;D467708;1;US
40751;D468521;1;US
40752;D470302;1;US
40753;D472041;1;US
40754;D479039;1;US
40755;D481529;1;US
40756;D507861;1;US
40757;D564210;1;US
40758;D614853;1;US
40759;D622057;1;US
40760;D625502;1;US
40761;D669675;1;US
40762;D691356;1;US
40763;D692649;1;US
40764;D3942;1;US
40765;D0714537;1;US
40766;1885957;1;US
40767;1922755;1;US
40768;2038070;1;US
40769;2228726;1;US
40770;2344581;1;US
40771;D156677;1;US
40772;2482623;1;US
40773;2514940;1;US
40774;2547340;1;US
40775;2547524;1;US
40776;2583961;1;US
40777;2600749;1;US
40778;2625814;1;US
40779;2637994;1;US
40780;2659231;1;US
40781;2699667;1;US
40782;2836053;1;US
40783;2869232;1;US
40784;2882710;1;US
40785;D185686;1;US
40786;2931208;1;US
40787;2964937;1;US
40788;2969668;1;US
40789;2978897;1;US
40790;2989861;1;US
40791;3004422;1;US
40792;3277680;1;US
40793;3299930;1;US
40794;3355917;1;US
40795;3363440;1;US
40796;3394565;1;US
40797;3407636;1;US
40798;3421349;1;US
40799;3455131;1;US
40800;3527072;1;US
40801;3606777;1;US
40802;3672192;1;US
40803;3677044;1;US
40804;3696649;1;US
40805;D237561;1;US
40806;3931688;1;US
40807;D248960;1;US
40808;4297864;1;US
40809;4351173;1;US
40810;4417612;1;US
40811;4454737;1;US
40812;4524594;1;US
40813;4569215;1;US
40814;4571967;1;US
40815;4658479;1;US
40816;4901547;1;US
40817;4939917;1;US
40818;4941569;1;US
40819;4951489;1;US
40820;D332384;1;US
40821;D334528;1;US
40822;5199560;1;US
40823;5207082;1;US
40824;D356019;1;US
40825;D357166;1;US
40826;5460022;1;US
40827;D364269;1;US
40828;5544510;1;US
40829;5568741;1;US
40830;D382190;1;US
40831;5704235;1;US
40832;5704236;1;US
40833;5711194;1;US
40834;5732579;1;US
40835;5768925;1;US
40836;5791211;1;US
40837;D402459;1;US
40838;D404284;1;US
40839;D405675;1;US
40840;D415343;1;US
40841;6016676;1;US
40842;D423209;1;US
40843;D427501;1;US
40844;6106131;1;US
40845;D434302;1;US
40846;6164102;1;US
40847;D442060;1;US
40848;D442061;1;US
40849;D442466;1;US
40850;6282996;1;US
40851;D473710;1;US
40852;D478207;1;US
40853;6684673;1;US
40854;6763938;1;US
40855;6892558;1;US
40856;D514310;1;US
40857;7032419;1;US
40858;7127922;1;US
40859;D539526;1;US
40860;D593318;1;US
40861;D624305;1;US
40862;D665992;1;US
40863;D674590;1;US
40864;D683951;1;US
40865;D705533;1;US
40866;20110015937;1;US
40867;2896290;1;US
40868;D0714538;1;US
40869;3299679;1;US
40870;D258850;1;US
40871;D258921;1;US
40872;D299480;1;US
40873;D554363;1;US
40874;D636175;1;US
40875;D636986;1;US
40876;D655709;1;US
40877;D661889;1;US
40878;D662941;1;US
40879;D0714539;1;US
40880;4658749;1;US
40881;921900;1;US
40882;D0714540;1;US
40883;1041577;1;US
40884;2085984;1;US
40885;4537339;1;US
40886;D361654;1;US
40887;5513786;1;US
40888;5918612;1;US
40889;6024464;1;US
40890;7275668;1;US
40891;D662312;1;US
40892;8678019;1;US
40893;D260752;1;US
40894;D0714541;1;US
40895;D260948;1;US
40896;D263177;1;US
40897;D280867;1;US
40898;5136726;1;US
40899;5255834;1;US
40900;5439538;1;US
40901;D399053;1;US
40902;6153311;1;US
40903;D448160;1;US
40904;D458444;1;US
40905;6769585;1;US
40906;D524050;1;US
40907;D530081;1;US
40908;D548455;1;US
40909;7421980;1;US
40910;7892064;1;US
40911;D652767;1;US
40912;D670904;1;US
40913;20020139820;1;US
40914;20070058887;1;US
40915;20100277944;1;US
40916;20120214013;1;US
40917;D240370;1;US
40918;D0714542;1;US
40919;4936499;1;US
40920;D374604;1;US
40921;5810232;1;US
40922;5944242;1;US
40923;D552345;1;US
40924;D564222;1;US
40925;D581657;1;US
40926;D254103;1;US
40927;D0714543;1;US
40928;D366144;1;US
40929;5501382;1;US
40930;D417073;1;US
40931;D433229;1;US
40932;D528785;1;US
40933;D530908;1;US
40934;D618908;1;US
40935;D685992;1;US
40936;3550663;1;US
40937;D0714544;1;US
40938;D632074;1;US
40939;8302641;1;US
40940;3322176;1;US
40941;D0714545;1;US
40942;5472280;1;US
40943;D586117;1;US
40944;12803;1;US
40945;34256;1;US
40946;DM046327;1;US
40947;DM049412;1;US
40948;DM055466;1;US
40949;5881788;1;US
40950;D0714546;1;US
40951;6283183;1;US
40952;D686412;1;US
40953;D319346;1;US
40954;D0714547;1;US
40955;D339227;1;US
40956;D342049;1;US
40957;5285942;1;US
40958;5415333;1;US
40959;D362545;1;US
40960;D367168;1;US
40961;D367169;1;US
40962;D370997;1;US
40963;5568848;1;US
40964;D379016;1;US
40965;D389643;1;US
40966;D394950;1;US
40967;5799848;1;US
40968;D438011;1;US
40969;6182981;1;US
40970;D473181;1;US
40971;D474337;1;US
40972;D487543;1;US
40973;D497480;1;US
40974;6869086;1;US
40975;D511043;1;US
40976;7014020;1;US
40977;7188714;1;US
40978;7219902;1;US
40979;D570601;1;US
40980;D587903;1;US
40981;D587904;1;US
40982;20040216970;1;US
40983;20060237108;1;US
40984;D117705;1;US
40985;D0714548;1;US
40986;3052246;1;US
40987;3645284;1;US
40988;4009777;1;US
40989;4807750;1;US
40990;4890729;1;US
40991;5089240;1;US
40992;5186317;1;US
40993;5196174;1;US
40994;D341615;1;US
40995;5270002;1;US
40996;5366078;1;US
40997;5388686;1;US
40998;D356591;1;US
40999;D366361;1;US
41000;5690211;1;US
41001;6000534;1;US
41002;D420744;1;US
41003;6148992;1;US
41004;6453919;1;US
41005;6688487;1;US
41006;6945389;1;US
41007;D571610;1;US
41008;D624789;1;US
41009;D646056;1;US
41010;8038939;1;US
41011;8039245;1;US
41012;D650171;1;US
41013;8113341;1;US
41014;8141699;1;US
41015;8263016;1;US
41016;8329098;1;US
41017;8329113;1;US
41018;8333931;1;US
41019;8343435;1;US
41020;8550238;1;US
41021;8757367;1;US
41022;20080185298;1;US
41023;20080272009;1;US
41024;20100233023;1;US
41025;20100233039;1;US
41026;20100233040;1;US
41027;20100233041;1;US
41028;20100233049;1;US
41029;20100310415;1;US
41030;20100310429;1;US
41031;20110073497;1;US
41032;20110180429;1;US
41033;20120152284;1;US
41034;20130280142;1;US
41035;353203;1;US
41036;D0714549;1;US
41037;D161850;1;US
41038;2642987;1;US
41039;2735597;1;US
41040;3317076;1;US
41041;3600069;1;US
41042;D229098;1;US
41043;3825110;1;US
41044;3876295;1;US
41045;4000810;1;US
41046;4163607;1;US
41047;4247178;1;US
41048;D284134;1;US
41049;D308597;1;US
41050;5164749;1;US
41051;D382708;1;US
41052;D404568;1;US
41053;D406460;1;US
41054;D406944;1;US
41055;5949517;1;US
41056;6382482;1;US
41057;6398017;1;US
41058;6726004;1;US
41059;7101040;1;US
41060;D547548;1;US
41061;D552347;1;US
41062;D566389;1;US
41063;20030178324;1;US
41064;20110210018;1;US
41065;D559532;1;US
41066;D0714550;1;US
41067;7387209;1;US
41068;D574819;1;US
41069;D582405;1;US
41070;D615299;1;US
41071;8073131;1;US
41072;D652829;1;US
41073;D654263;1;US
41074;D657354;1;US
41075;D674592;1;US
41076;D677888;1;US
41077;D678260;1;US
41078;D683960;1;US
41079;D684362;1;US
41080;D697709;1;US
41081;D700599;1;US
41082;D700778;1;US
41083;D704182;1;US
41084;20090314400;1;US
41085;20110290687;1;US
41086;D247460;1;US
41087;D0714551;1;US
41088;D294196;1;US
41089;D412245;1;US
41090;D481543;1;US
41091;D525032;1;US
41092;D639067;1;US
41093;20110147428;1;US
41094;20120286489;1;US
41095;20130008813;1;US
41096;6450354;1;US
41097;D0714552;1;US
41098;D670495;1;US
41099;20040035748;1;US
41100;20130126542;1;US
41101;307299;1;US
41102;D0714553;1;US
41103;1677152;1;US
41104;1690722;1;US
41105;1705255;1;US
41106;D335960;1;US
41107;D474688;1;US
41108;D504566;1;US
41109;D642870;1;US
41110;20050205459;1;US
41111;3000684;1;US
41112;D0714554;1;US
41113;3107131;1;US
41114;D204506;1;US
41115;3743372;1;US
41116;4155611;1;US
41117;4231626;1;US
41118;4494804;1;US
41119;4501456;1;US
41120;D277816;1;US
41121;4616890;1;US
41122;4634193;1;US
41123;D318568;1;US
41124;5069342;1;US
41125;D333567;1;US
41126;D333568;1;US
41127;D377119;1;US
41128;D393541;1;US
41129;20020165641;1;US
41130;20090255936;1;US
41131;1808375;1;US
41132;D0714555;1;US
41133;2563594;1;US
41134;D217828;1;US
41135;D309072;1;US
41136;D311679;1;US
41137;D340583;1;US
41138;5529228;1;US
41139;D655090;1;US
41140;D707834;1;US
41141;20120181310;1;US
41142;20140021730;1;US
41143;D581674;1;US
41144;D0714556;1;US
41145;D588818;1;US
41146;D590601;1;US
41147;D592858;1;US
41148;D593329;1;US
41149;D593330;1;US
41150;D593331;1;US
41151;D598656;1;US
41152;D598657;1;US
41153;D599115;1;US
41154;D600921;1;US
41155;D600922;1;US
41156;D600923;1;US
41157;D631668;1;US
41158;8096306;1;US
41159;D682556;1;US
41160;8539963;1;US
41161;20070033759;1;US
41162;20080011317;1;US
41163;20110297174;1;US
41164;20110297175;1;US
41165;20120298128;1;US
41166;20130032166;1;US
41167;20130333719;1;US
41168;20140001819;1;US
41169;20140016985;1;US
41170;4324084;1;US
41171;D0714557;1;US
41172;D308443;1;US
41173;5115530;1;US
41174;5133590;1;US
41175;5238011;1;US
41176;5611361;1;US
41177;5620270;1;US
41178;6003519;1;US
41179;6258044;1;US
41180;6532967;1;US
41181;6775874;1;US
41182;7052199;1;US
41183;8065772;1;US
41184;D657144;1;US
41185;20050215679;1;US
41186;20060225760;1;US
41187;20080048485;1;US
41188;20090032046;1;US
41189;20090320872;1;US
41190;20100251498;1;US
41191;20100310297;1;US
41192;20110030717;1;US
41193;20110289710;1;US
41194;5896620;1;US
41195;D0714558;1;US
41196;D439415;1;US
41197;D450189;1;US
41198;D450931;1;US
41199;D452994;1;US
41200;D454001;1;US
41201;D463136;1;US
41202;6513183;1;US
41203;D471018;1;US
41204;D479917;1;US
41205;D479918;1;US
41206;D480217;1;US
41207;D480218;1;US
41208;6779532;1;US
41209;D562566;1;US
41210;7895698;1;US
41211;8104132;1;US
41212;D679506;1;US
41213;20010042281;1;US
41214;20010052160;1;US
41215;20020083953;1;US
41216;20030150073;1;US
41217;20050133947;1;US
41218;20050257337;1;US
41219;20070151061;1;US
41220;20100095973;1;US
41221;20130098382;1;US
41222;20130125921;1;US
41223;20130199556;1;US
41224;D4410;1;US
41225;D0714559;1;US
41226;D13527;1;US
41227;603526;1;US
41228;D66682;1;US
41229;D67245;1;US
41230;1560450;1;US
41231;1596482;1;US
41232;1762711;1;US
41233;D109186;1;US
41234;2740991;1;US
41235;D192676;1;US
41236;D200773;1;US
41237;D201131;1;US
41238;3219735;1;US
41239;3396067;1;US
41240;3434861;1;US
41241;4137215;1;US
41242;4341581;1;US
41243;4343752;1;US
41244;D341897;1;US
41245;5286553;1;US
41246;5354596;1;US
41247;5693141;1;US
41248;D448402;1;US
41249;6330731;1;US
41250;D631986;1;US
41251;D659265;1;US
41252;8273444;1;US
41253;D700440;1;US
41254;20040258854;1;US
41255;20060204682;1;US
41256;20110318533;1;US
41257;20120187435;1;US
41258;20130286088;1;US
41259;2268642;1;US
41260;D63092;1;US
41261;D0714560;1;US
41262;D66160;1;US
41263;D81838;1;US
41264;D96103;1;US
41265;D101310;1;US
41266;D102691;1;US
41267;D104266;1;US
41268;D117997;1;US
41269;D126886;1;US
41270;D136088;1;US
41271;D161106;1;US
41272;2705687;1;US
41273;3655501;1;US
41274;3855045;1;US
41275;4142334;1;US
41276;4333979;1;US
41277;D274361;1;US
41278;4940464;1;US
41279;5037416;1;US
41280;5057357;1;US
41281;5092861;1;US
41282;5246433;1;US
41283;5266392;1;US
41284;5269775;1;US
41285;5370764;1;US
41286;5554145;1;US
41287;5569234;1;US
41288;5571096;1;US
41289;5607760;1;US
41290;5635191;1;US
41291;5643588;1;US
41292;D390708;1;US
41293;5817394;1;US
41294;5897545;1;US
41295;5957908;1;US
41296;5964742;1;US
41297;6004306;1;US
41298;6015605;1;US
41299;6120487;1;US
41300;6120489;1;US
41301;6156024;1;US
41302;D442698;1;US
41303;D444876;1;US
41304;D444877;1;US
41305;D445897;1;US
41306;D445898;1;US
41307;D446302;1;US
41308;D450190;1;US
41309;6395211;1;US
41310;6620490;1;US
41311;6632385;1;US
41312;6645569;1;US
41313;6713159;1;US
41314;6717028;1;US
41315;D489904;1;US
41316;D490988;1;US
41317;6752947;1;US
41318;6803103;1;US
41319;6837961;1;US
41320;6861571;1;US
41321;6863933;1;US
41322;7005557;1;US
41323;D524552;1;US
41324;7112621;1;US
41325;D584062;1;US
41326;7527851;1;US
41327;7544628;1;US
41328;D599559;1;US
41329;7740928;1;US
41330;7744576;1;US
41331;D619375;1;US
41332;7750203;1;US
41333;D623421;1;US
41334;D626813;1;US
41335;D629213;1;US
41336;7854813;1;US
41337;7858544;1;US
41338;7914723;1;US
41339;D636607;1;US
41340;7927540;1;US
41341;20020143304;1;US
41342;20020144384;1;US
41343;20030032355;1;US
41344;20030148684;1;US
41345;20030233082;1;US
41346;20040158212;1;US
41347;20040175343;1;US
41348;20050008839;1;US
41349;20050159720;1;US
41350;20050287340;1;US
41351;20070082184;1;US
41352;20070134478;1;US
41353;20080057308;1;US
41354;20080306463;1;US
41355;20080312617;1;US
41356;20090118689;1;US
41357;20100305543;1;US
41358;20110282313;1;US
41359;2006-034872;1;US
41360;2000-069481;1;US
41361;00-78883;1;US
41362;2004-029349;1;US
41363;3093096;1;US
41364;D0714561;1;US
41365;D247529;1;US
41366;D365937;1;US
41367;D414952;1;US
41368;D423239;1;US
41369;D423258;1;US
41370;D461330;1;US
41371;D465936;1;US
41372;D505559;1;US
41373;D583577;1;US
41374;D599570;1;US
41375;D659415;1;US
41376;2260352;1;US
41377;D0714562;1;US
41378;2932544;1;US
41379;3556589;1;US
41380;3695702;1;US
41381;4221008;1;US
41382;4343405;1;US
41383;4837869;1;US
41384;4850282;1;US
41385;4893363;1;US
41386;5307527;1;US
41387;5333322;1;US
41388;D351740;1;US
41389;5857226;1;US
41390;D406474;1;US
41391;5950256;1;US
41392;6045423;1;US
41393;6311343;1;US
41394;6592187;1;US
41395;6637045;1;US
41396;6783181;1;US
41397;7316452;1;US
41398;D616906;1;US
41399;7931336;1;US
41400;8240760;1;US
41401;8783765;1;US
41402;20080092285;1;US
41403;20080093895;1;US
41404;20080100114;1;US
41405;20110099708;1;US
41406;20130031712;1;US
41407;D493626;1;US
41408;D0714563;1;US
41409;D514832;1;US
41410;D517820;1;US
41411;D521755;1;US
41412;D548994;1;US
41413;D557027;1;US
41414;D559571;1;US
41415;D576809;1;US
41416;D576813;1;US
41417;D576814;1;US
41418;D597329;1;US
41419;D597349;1;US
41420;D600462;1;US
41421;D607653;1;US
41422;D613085;1;US
41423;D613087;1;US
41424;D650617;1;US
41425;D654709;1;US
41426;D654711;1;US
41427;D655524;1;US
41428;D656752;1;US
41429;D661117;1;US
41430;D662330;1;US
41431;D663129;1;US
41432;D665591;1;US
41433;D670927;1;US
41434;D671759;1;US
41435;D676254;1;US
41436;D679107;1;US
41437;D683151;1;US
41438;D688056;1;US
41439;D694537;1;US
41440;D694538;1;US
41441;D695538;1;US
41442;D697330;1;US
41443;D697726;1;US
41444;D698164;1;US
41445;D699958;1;US
41446;20080122284;1;US
41447;D163449;1;US
41448;D0714564;1;US
41449;D181729;1;US
41450;D202104;1;US
41451;D211334;1;US
41452;D212942;1;US
41453;D214373;1;US
41454;D235712;1;US
41455;D259078;1;US
41456;D260826;1;US
41457;D277346;1;US
41458;D278105;1;US
41459;D279243;1;US
41460;D289349;1;US
41461;D326373;1;US
41462;D332355;1;US
41463;D343964;1;US
41464;D358264;1;US
41465;D359172;1;US
41466;D359858;1;US
41467;D362557;1;US
41468;D364750;1;US
41469;D364973;1;US
41470;D369477;1;US
41471;D370359;1;US
41472;D371684;1;US
41473;D372806;1;US
41474;D383616;1;US
41475;D388969;1;US
41476;D394560;1;US
41477;D411925;1;US
41478;D414050;1;US
41479;D415623;1;US
41480;D417345;1;US
41481;D426717;1;US
41482;D426718;1;US
41483;D426975;1;US
41484;D429424;1;US
41485;D431727;1;US
41486;D431728;1;US
41487;D435978;1;US
41488;D438397;1;US
41489;D438398;1;US
41490;D440065;1;US
41491;D440423;1;US
41492;D443444;1;US
41493;D446660;1;US
41494;D452082;1;US
41495;D452083;1;US
41496;D454009;1;US
41497;D459101;1;US
41498;D463177;1;US
41499;D467444;1;US
41500;D469972;1;US
41501;6523904;1;US
41502;D482541;1;US
41503;D482542;1;US
41504;D482886;1;US
41505;D486974;1;US
41506;D491379;1;US
41507;D491738;1;US
41508;D496172;1;US
41509;D497491;1;US
41510;D520258;1;US
41511;D521266;1;US
41512;D522267;1;US
41513;D523652;1;US
41514;D524567;1;US
41515;D526501;1;US
41516;D526795;1;US
41517;D526801;1;US
41518;D528315;1;US
41519;D528814;1;US
41520;D532212;1;US
41521;D540060;1;US
41522;D569646;1;US
41523;D572495;1;US
41524;D573805;1;US
41525;D598668;1;US
41526;D610842;1;US
41527;D613518;1;US
41528;D621632;1;US
41529;D623431;1;US
41530;D675464;1;US
41531;20030001416;1;US
41532;20040084951;1;US
41533;1383771;1;US
41534;D0714565;1;US
41535;D222051;1;US
41536;D229591;1;US
41537;D259600;1;US
41538;D259605;1;US
41539;4285542;1;US
41540;5553551;1;US
41541;D393754;1;US
41542;D474618;1;US
41543;D680346;1;US
41544;D685202;1;US
41545;D698170;1;US
41546;D698173;1;US
